animal,sire,dam,sex,BreastCircumference,S1,S2,S3,S4,S5,S6,S7,S8,S9,S10,S11,S12,S13,S14,S15,weight
5,1,2,1,152,0,0,2,0,2,2,0,1,1,1,2,2,2,1,2,446.84720588522055
6,3,4,2,150,1,1,1,2,2,1,0,2,0,1,0,1,1,1,1,374.9549121367584
7,1,4,2,149,0,0,2,1,2,2,1,0,0,2,2,1,2,1,2,408.13689058983545
8,5,6,1,152,0,0,1,1,2,2,0,1,1,2,1,1,1,1,1,405.38947242403214
9,3,2,2,151,0,2,1,2,2,2,1,1,0,1,1,1,2,1,1,417.2859998634377
10,8,7,1,154,0,0,2,0,2,2,0,0,1,2,1,0,2,1,1,392.1600572402683
11,8,9,2,150,0,1,1,1,2,2,1,1,0,2,1,0,1,1,0,352.9205359961803
12,10,11,2,154,0,0,2,0,2,2,0,0,1,2,1,0,1,1,1,370.21538424994594
13,10,9,2,151,0,1,1,1,2,2,1,1,0,1,2,1,2,2,0,393.66761386628895
14,8,11,2,151,0,1,1,2,2,2,0,2,1,2,1,1,2,2,1,468.22517859657495
15,5,7,2,153,0,0,2,0,2,2,1,1,1,1,2,1,2,1,2,443.57951068725276
16,8,6,2,151,0,0,0,1,2,2,0,1,0,2,0,2,0,0,2,342.468144310379
